Title,Path,Genres,Primary Genre
BattleOfBritain,midi_songs_2/BattleOfBritain.mid,"Action, Drama, History",Action
BeverlyHillsCopThemeSong,midi_songs_2/BeverlyHillsCopThemeSong.mid,"Action, Comedy, Crime",Action
Bounty,midi_songs_2/Bounty.mid,"Action,Drama,Short",Action
Bulletproof,midi_songs_2/Bulletproof.mid,Action,Action
Caravans,midi_songs_2/Caravans.mid,"Action,Adventure,History",Action
CharliesAngels,midi_songs_2/CharliesAngels.mid,Action,Action
ClearAndPresentDanger,midi_songs_2/ClearAndPresentDanger.mid,"Action, Crime, Drama",Action
Cliffhanger,midi_songs_2/Cliffhanger.mid,"Action,Adventure,Thriller",Action
ConAir,midi_songs_2/ConAir.mid,"Action,Crime,Thriller",Action
Congo,midi_songs_2/Congo.mid,"Action,Adventure,Mystery",Action
CrimsonTide,midi_songs_2/CrimsonTide.mid,"Action,Drama,Thriller",Action
Darkman,midi_songs_2/Darkman.mid,"Action,Sci-Fi,Thriller",Action
DaysOfThunder,midi_songs_2/DaysOfThunder.mid,"Action, Drama, Sport",Action
DeepBlueSea,midi_songs_2/DeepBlueSea.mid,"Action,Adventure,Sci-Fi",Action
DeepImpact,midi_songs_2/DeepImpact.mid,"Action,Drama,Romance",Action
DeepSpace9,midi_songs_2/DeepSpace9.mid,"Action, Adventure, Drama",Action
DeltaForce,midi_songs_2/DeltaForce.mid,Action,Action
DieHard,midi_songs_2/DieHard.mid,"Action,Thriller",Action
DieHard2_DieHarder,midi_songs_2/DieHard2_DieHarder.mid,Action,Action
DieHardWithAVengence,midi_songs_2/DieHardWithAVengence.mid,"Action, Adventure, Thriller",Action
DragonHeart,midi_songs_2/DragonHeart.mid,"Action,Adventure,Fantasy",Action
Dune,midi_songs_2/Dune.mid,"Action,Adventure,Sci-Fi",Action
EigerSanction,midi_songs_2/EigerSanction.mid,"Action, Crime, Thriller",Action
EntertheDragon,midi_songs_2/EntertheDragon.mid,"Action,Crime,Drama",Action
EscapeFromL,midi_songs_2/EscapeFromL.A..mid,"Action, Adventure, Sci-Fi",Action
ExecutiveDecision,midi_songs_2/ExecutiveDecision.mid,"Action,Adventure,Thriller",Action
Exodus,midi_songs_2/Exodus.mid,"Action,Drama,History",Action
Face_Off,midi_songs_2/Face_Off.mid,Action,Action
FifthElement,midi_songs_2/FifthElement.mid,"Action,Adventure,Fantasy",Action
FlashGordon,midi_songs_2/FlashGordon.mid,"Action,Adventure,Sci-Fi",Action
FullMonty,midi_songs_2/FullMonty.mid,"Action,Animation,Fantasy",Action
Ghostbusters,midi_songs_2/Ghostbusters.mid,"Action,Comedy,Fantasy",Action
Ghostbusters,midi_songs_2/Ghostbusters.mid.part,"Action,Comedy,Fantasy",Action
Gladiator,midi_songs_2/Gladiator.mid,"Action,Drama,Sport",Action
GoodTheBadAndTheUgly,midi_songs_2/GoodTheBadAndTheUgly.mid,Action,Action
Hatari-BabyElephantWalk,midi_songs_2/Hatari-BabyElephantWalk.mid,"Action, Adventure, Drama",Action
Heros,midi_songs_2/Heros.mid,Action,Action
Highlander,midi_songs_2/Highlander.mid,"Action,Adventure,Fantasy",Action
HotShots2,midi_songs_2/HotShots2.mid,"Action, Comedy",Action
IndianaJonesAndTheLastCrusade,midi_songs_2/IndianaJonesAndTheLastCrusade.mid,"Action,Adventure",Action
IndianaJonesAndTheTempleOfDoom,midi_songs_2/IndianaJonesAndTheTempleOfDoom.mid,"Action,Adventure",Action
Innerspace,midi_songs_2/Innerspace.mid,"Action,Adventure,Comedy",Action
InspectorGadget,midi_songs_2/InspectorGadget.mid,"Action,Adventure,Animation",Action
JumpinJackFlash,midi_songs_2/JumpinJackFlash.mid,Action,Action
JurassicPark-TheLostWorld,midi_songs_2/JurassicPark-TheLostWorld.mid,"Action,Adventure,Fantasy",Action
KarateKid,midi_songs_2/KarateKid.mid,"Action,Sport",Action
LastStarfighter,midi_songs_2/LastStarfighter.mid,"Action, Adventure, Sci-Fi",Action
LethalWeapon,midi_songs_2/LethalWeapon.mid,"Action,Crime,Thriller",Action
LethalWeapon3,midi_songs_2/LethalWeapon3.mid,"Action,Crime,Thriller",Action
MadMaxBeyondThunderdome,midi_songs_2/MadMaxBeyondThunderdome.mid,"Action,Adventure,Sci-Fi",Action
ManInTheIronMask,midi_songs_2/ManInTheIronMask.mid,"Action,Adventure",Action
Matrix,midi_songs_2/Matrix.mid,"Action,Drama,Fantasy",Action
MuppetTreasureIsland,midi_songs_2/MuppetTreasureIsland.mid,"Action,Adventure,Comedy",Action
NavySeals,midi_songs_2/NavySeals.mid,"Action,Adventure,Thriller",Action
OddCouple,midi_songs_2/OddCouple.mid,"Action,Adventure",Action
Oklahoma,midi_songs_2/Oklahoma.mid,Action,Action
PeterGunn,midi_songs_2/PeterGunn.mid,"Action,Crime,Drama",Action
PinkPanther,midi_songs_2/PinkPanther.mid,Action,Action
Predator,midi_songs_2/Predator.mid,"Action,Adventure,Sci-Fi",Action
RobinHood-PrinceOfTheives,midi_songs_2/RobinHood-PrinceOfTheives.mid,Action,Action
Robocop,midi_songs_2/Robocop.mid,"Action,Adventure,Crime",Action
RomancingTheStone,midi_songs_2/RomancingTheStone.mid,"Action, Adventure, Comedy",Action
RunawayTrain,midi_songs_2/RunawayTrain.mid,"Action,Adventure,Drama",Action
RushHour,midi_songs_2/RushHour.mid,"Action,Comedy,Crime",Action
Shaft,midi_songs_2/Shaft.mid,"Action,Crime,Thriller",Action
SpiderManTheme,midi_songs_2/SpiderManTheme.mid,Action,Action
StandByMe,midi_songs_2/StandByMe.mid,"Action,Animation,Sport",Action
Stargate,midi_songs_2/Stargate.mid,"Action,Adventure,Sci-Fi",Action
StarshipTroopers,midi_songs_2/StarshipTroopers.mid,"Action,Adventure,Sci-Fi",Action
Superman,midi_songs_2/Superman.mid,"Action,Adventure,Animation",Action
Tarzan,midi_songs_2/Tarzan.mid,"Action,Adventure",Action
TeamAmerica AmericaFuckYeahmid,midi_songs_2/TeamAmerica AmericaFuckYeahmid.mid,Action,Action
Terminator2-JudgmentDay,midi_songs_2/Terminator2-JudgmentDay.mid,"Action,Adventure,Sci-Fi",Action
TheHobbit-MistyMountainCold,midi_songs_2/TheHobbit-MistyMountainCold.mid,"Action,Adventure,Mystery",Action
TotalRecall,midi_songs_2/TotalRecall.mid,"Action,Sci-Fi,Thriller",Action
Tron,midi_songs_2/Tron.mid,"Action,Adventure,Sci-Fi",Action
TrueLies,midi_songs_2/TrueLies.mid,"Action,Comedy,Thriller",Action
Waterworld,midi_songs_2/Waterworld.mid,"Action,Adventure,Sci-Fi",Action
WildWildWest,midi_songs_2/WildWildWest.mid,"Action,Comedy,Sci-Fi",Action
YoungGuns,midi_songs_2/YoungGuns.mid,"Action,Western",Action
Bill&TedsExcellentAdventure,midi_songs_2/Bill&TedsExcellentAdventure.mid,Adventure,Adventure
BluesBrothers-ImASoulMan,midi_songs_2/BluesBrothers-ImASoulMan.mid,Adventure,Adventure
BluesBrothersThemeSong,midi_songs_2/BluesBrothersThemeSong.mid,Adventure,Adventure
BornFree,midi_songs_2/BornFree.mid,"Adventure,Drama,Family",Adventure
Camelot,midi_songs_2/Camelot.mid,"Adventure,Fantasy,Musical",Adventure
Casino,midi_songs_2/Casino.mid,"Adventure,Drama",Adventure
ChickenRun,midi_songs_2/ChickenRun.mid,"Adventure,Animation,Comedy",Adventure
ChittyChittyBangBang,midi_songs_2/ChittyChittyBangBang.mid,"Adventure,Family,Fantasy",Adventure
ConantheBarbarian,midi_songs_2/ConantheBarbarian.mid,"Adventure,Fantasy",Adventure
CoolRunnings,midi_songs_2/CoolRunnings.mid,"Adventure,Comedy,Family",Adventure
CrocodileDundee,midi_songs_2/CrocodileDundee.mid,"Adventure,Comedy",Adventure
E,midi_songs_2/E.T..mid,Adventure,Adventure
Excalibur,midi_songs_2/Excalibur.mid,"Adventure,Drama,Fantasy",Adventure
FarAndAway,midi_songs_2/FarAndAway.mid,"Adventure, Drama, Romance ",Adventure
FindingNemo,midi_songs_2/FindingNemo.mid,"Adventure,Animation,Comedy",Adventure
Flipper,midi_songs_2/Flipper.mid,"Adventure,Drama,Family",Adventure
FreeWilly,midi_songs_2/FreeWilly.mid,"Adventure,Drama,Family",Adventure
Fury,midi_songs_2/Fury.mid,Adventure,Adventure
GoodMorningVietnam,midi_songs_2/GoodMorningVietnam.mid,"Adventure,Game-Show,Reality-TV",Adventure
Greystoke_TheLegendOfTarzan,midi_songs_2/Greystoke_TheLegendOfTarzan.mid,Adventure,Adventure
Hook,midi_songs_2/Hook.mid,"Adventure,Comedy,Family",Adventure
Jaws,midi_songs_2/Jaws.mid,"Adventure,Drama,Thriller",Adventure
Jaws2,midi_songs_2/Jaws2.mid,"Adventure,Drama,Horror",Adventure
Jumanji,midi_songs_2/Jumanji.mid,"Adventure,Comedy,Family",Adventure
JurassicPark,midi_songs_2/JurassicPark.mid,"Adventure,Sci-Fi,Thriller",Adventure
KingKong,midi_songs_2/KingKong.mid,"Adventure,Horror,Sci-Fi",Adventure
Labyrinth-AsTheWorldFallsDown,midi_songs_2/Labyrinth-AsTheWorldFallsDown.mid,"Adventure, Family, Fantasy",Adventure
Labyrinth-WithinYou,midi_songs_2/Labyrinth-WithinYou.mid,"Adventure, Family, Fantasy",Adventure
LawrenceOfArabia,midi_songs_2/LawrenceOfArabia.mid,"Adventure, Biography, Drama",Adventure
LionKing,midi_songs_2/LionKing.mid,"Adventure,Drama,Romance",Adventure
LittleMermaid,midi_songs_2/LittleMermaid.mid,"Adventure,Comedy,Family",Adventure
LostInSpace,midi_songs_2/LostInSpace.mid,"Adventure, Drama, Family",Adventure
MobyDick,midi_songs_2/MobyDick.mid,"Adventure,Drama",Adventure
NorthByNorthwest,midi_songs_2/NorthByNorthwest.mid,"Adventure, Mystery, Thriller",Adventure
PeterPan,midi_songs_2/PeterPan.mid,"Adventure,Family,Fantasy",Adventure
Pocahontas,midi_songs_2/Pocahontas.mid,"Adventure,Animation,Drama",Adventure
SpaceJam,midi_songs_2/SpaceJam.mid,"Adventure,Animation,Comedy",Adventure
Sting,midi_songs_2/Sting.mid,"Adventure,Crime",Adventure
ToyStory,midi_songs_2/ToyStory.mid,"Adventure,Animation,Comedy",Adventure
WhiteSquall,midi_songs_2/WhiteSquall.mid,"Adventure,Drama",Adventure
WizardofOz-SomewhereOverTheRainbow,midi_songs_2/WizardofOz-SomewhereOverTheRainbow.mid,"Adventure, Family, Fantasy",Adventure
YellowSubmarine,midi_songs_2/YellowSubmarine.mid,"Adventure,Animation,Comedy",Adventure
AddamsFamily,midi_songs_2/AddamsFamily.mid,"Animation,Comedy,Family",Animation
Aladdin(AFriendLikeMe),midi_songs_2/Aladdin(AFriendLikeMe).mid,"Animation,Drama,Family",Animation
Aladdin(ArabianNights),midi_songs_2/Aladdin(ArabianNights).mid,"Animation,Drama,Family",Animation
Aladdin(OneJump),midi_songs_2/Aladdin(OneJump).mid,"Animation,Drama,Family",Animation
Aladdin(PrinceAli),midi_songs_2/Aladdin(PrinceAli).mid,"Animation,Comedy,Family",Animation
AliceInWonderland,midi_songs_2/AliceInWonderland.mid,"Animation,Drama,Family",Animation
Anastasia-JourneyToThePast,midi_songs_2/Anastasia-JourneyToThePast.mid,"Animation,Comedy,Family",Animation
Bambi,midi_songs_2/Bambi.mid,"Animation,Drama,Family",Animation
BeautyAndTheBeast,midi_songs_2/BeautyAndTheBeast.mid,"Animation,Drama,Family",Animation
BlackboardJumble,midi_songs_2/BlackboardJumble.mid,"Animation,Comedy,Family",Animation
BugsLife,midi_songs_2/BugsLife.mid,"Animation, Adventure, Comedy",Animation
ChristmasVacation,midi_songs_2/ChristmasVacation.mid,"Animation,Comedy",Animation
Dinosaur,midi_songs_2/Dinosaur.mid,"Animation,Short",Animation
DragonlanceGoldmoonsSong,midi_songs_2/DragonlanceGoldmoonsSong.mid,Animation,Animation
SLAYERSNEXTOpening-Giveareason,midi_songs_2/SLAYERSNEXTOpening-Giveareason.mid,Animation,Animation
SongOfTheSouth,midi_songs_2/SongOfTheSouth.mid,"Animation, Comedy, Family",Animation
Thomas&TheMagicRailroad,midi_songs_2/Thomas&TheMagicRailroad.mid,Animation,Animation
UpSoundtrack,midi_songs_2/UpSoundtrack.mid,"Animation, Adventure, Comedy",Animation
Upmaintheme,midi_songs_2/Upmaintheme.mid,"Animation, Adventure, Comedy",Animation
Vacation,midi_songs_2/Vacation.mid,"Animation,Comedy,Short",Animation
WizardOfOz-TheYellowBrickRoad,midi_songs_2/WizardOfOz-TheYellowBrickRoad.mid,"Animation,Drama,Family",Animation
Braveheart(AGiftOfaThistle),midi_songs_2/Braveheart(AGiftOfaThistle).mid,"Biography, Drama, History",Biography
Braveheart-Introduction,midi_songs_2/Braveheart-Introduction.mid,"Biography, Drama, History",Biography
BriansSong,midi_songs_2/BriansSong.mid,Biography,Biography
ButchCassidy&TheSundanceKid,midi_songs_2/ButchCassidy&TheSundanceKid.mid,"Biography, Crime, Drama",Biography
Deliverance,midi_songs_2/Deliverance.mid,"Biography,Drama",Biography
Elizabeth,midi_songs_2/Elizabeth.mid,"Biography,Drama,History",Biography
Evita,midi_songs_2/Evita.mid,"Biography,Drama,History",Biography
Goldeneye,midi_songs_2/Goldeneye.mid,Biography,Biography
ImmortalBeloved,midi_songs_2/ImmortalBeloved.mid,"Biography,Drama,Music",Biography
KingAndI,midi_songs_2/KingAndI.mid,"Biography, Drama, Musical",Biography
LaBamba,midi_songs_2/LaBamba.mid,"Biography,Drama,Music",Biography
ManOnTheMoon,midi_songs_2/ManOnTheMoon.mid,"Biography, Comedy, Drama",Biography
MidnightExpress,midi_songs_2/MidnightExpress.mid,"Biography,Crime,Drama",Biography
OutOfAfrica,midi_songs_2/OutOfAfrica.mid,"Biography, Drama, Romance",Biography
Papillon,midi_songs_2/Papillon.mid,"Biography,Crime,Drama",Biography
Rudy,midi_songs_2/Rudy.mid,"Biography,Drama,Sport",Biography
Terminator,midi_songs_2/Terminator.mid,"Biography,Documentary",Biography
10,midi_songs_2/10.mid,"Comedy,Romance",Comedy
40-YearOldVirgin,midi_songs_2/40-YearOldVirgin.mid,Comedy,Comedy
4WeddingsAndAFuneral,midi_songs_2/4WeddingsAndAFuneral.mid,"Comedy, Drama, Romance",Comedy
9To5,midi_songs_2/9To5.mid,Comedy,Comedy
ALeagueOfTheirOwn,midi_songs_2/ALeagueOfTheirOwn.mid,"Comedy, Drama, Family",Comedy
AceVentura-WhenNatureCalls,midi_songs_2/AceVentura-WhenNatureCalls.mid,Comedy,Comedy
AddictedtoLove,midi_songs_2/AddictedtoLove.mid,"Comedy,Romance",Comedy
AdvancetotheRear,midi_songs_2/AdvancetotheRear.mid,"Comedy,War,Western",Comedy
AmericanPresident,midi_songs_2/AmericanPresident.mid,Comedy,Comedy
AmericanWerewolfInLondon,midi_songs_2/AmericanWerewolfInLondon.mid,"Comedy, Horror",Comedy
"AnimalHouse-Louie,Louie","midi_songs_2/AnimalHouse-Louie,Louie.mid",Comedy,Comedy
Annie(TheSunWillComeUpTomorrow),midi_songs_2/Annie(TheSunWillComeUpTomorrow).mid,"Comedy, Drama, Family",Comedy
Arthur,midi_songs_2/Arthur.mid,"Comedy,Romance",Comedy
AustinPowers-SecretAgentMan,midi_songs_2/AustinPowers-SecretAgentMan.mid,Comedy,Comedy
BASEketball,midi_songs_2/BASEketball.mid,"Comedy,Sport",Comedy
BabesInToyland,midi_songs_2/BabesInToyland.mid,"Comedy, Family, Fantasy",Comedy
Beaches,midi_songs_2/Beaches.mid,"Comedy,Drama,Music",Comedy
Beetlejuice,midi_songs_2/Beetlejuice.mid,"Comedy,Fantasy",Comedy
BeingThere,midi_songs_2/BeingThere.mid,"Comedy,Drama",Comedy
Big,midi_songs_2/Big.mid,"Comedy,Drama,Fantasy",Comedy
BlazingSaddles,midi_songs_2/BlazingSaddles.mid,"Comedy,Western",Comedy
BornInEastLA,midi_songs_2/BornInEastLA.mid,Comedy,Comedy
BreakfastAtTiffanys,midi_songs_2/BreakfastAtTiffanys.mid,Comedy,Comedy
BridgesofMadisonCounty,midi_songs_2/BridgesofMadisonCounty.mid,Comedy,Comedy
BridgetJonesDiary,midi_songs_2/BridgetJonesDiary.mid,Comedy,Comedy
BullDurham,midi_songs_2/BullDurham.mid,"Comedy,Romance,Sport",Comedy
Caddyshack,midi_songs_2/Caddyshack.mid,"Comedy,Sport",Comedy
CantBuyMeLove,midi_songs_2/CantBuyMeLove.mid,Comedy,Comedy
Casper,midi_songs_2/Casper.mid,"Comedy,Family,Fantasy",Comedy
Cheech&ChongsUpInSmoke,midi_songs_2/Cheech&ChongsUpInSmoke.mid,Comedy,Comedy
Clueless,midi_songs_2/Clueless.mid,"Comedy,Romance",Comedy
Cocktail,midi_songs_2/Cocktail.mid,"Comedy,Drama,Romance",Comedy
Cousins,midi_songs_2/Cousins.mid,"Comedy,Romance",Comedy
Cowboys,midi_songs_2/Cowboys.mid,Comedy,Comedy
D2-MightDucks,midi_songs_2/D2-MightDucks.mid,"Comedy, Drama, Family",Comedy
DeadPoetsSociety,midi_songs_2/DeadPoetsSociety.mid,"Comedy,Drama",Comedy
DeerHunter,midi_songs_2/DeerHunter.mid,Comedy,Comedy
DonJuanDeMarco,midi_songs_2/DonJuanDeMarco.mid,"Comedy,Drama,Romance",Comedy
Dr,midi_songs_2/Dr.Dolittle.mid,Comedy,Comedy
Dr,midi_songs_2/Dr.Zhivago.mid,Comedy,Comedy
Dr,midi_songs_2/Dr.Dolittle2_IWillSurvive.mid,Comedy,Comedy
HighSociety,midi_songs_2/HighSociety.mid,Comedy,Comedy
HomeAlone,midi_songs_2/HomeAlone.mid,"Comedy,Family",Comedy
HopeFloats(ToMakeYouFeelMyLove),midi_songs_2/HopeFloats(ToMakeYouFeelMyLove).mid,"Comedy,Drama",Comedy
IndianaJones,midi_songs_2/IndianaJones.mid,Comedy,Comedy
JamesBond,midi_songs_2/JamesBond.mid,Comedy,Comedy
JerryMaguire,midi_songs_2/JerryMaguire.mid,"Comedy,Drama,Romance",Comedy
JingleAllTheWay,midi_songs_2/JingleAllTheWay.mid,"Comedy,Romance,Short",Comedy
Kingpin,midi_songs_2/Kingpin.mid,"Comedy,Sport",Comedy
LeagueOfTheirOwn,midi_songs_2/LeagueOfTheirOwn.mid,"Comedy,Sport",Comedy
LifeOfBrian,midi_songs_2/LifeOfBrian.mid,Comedy,Comedy
LittleGiants,midi_songs_2/LittleGiants.mid,"Comedy,Family,Sport",Comedy
LittleRascals,midi_songs_2/LittleRascals.mid,Comedy,Comedy
LittleShopOfHorrors,midi_songs_2/LittleShopOfHorrors.mid,"Comedy, Horror, Musical",Comedy
LoveInTheAfternoon,midi_songs_2/LoveInTheAfternoon.mid,"Comedy, Crime, Drama",Comedy
MajorLeague,midi_songs_2/MajorLeague.mid,"Comedy,Sport",Comedy
MaryPoppins,midi_songs_2/MaryPoppins.mid,"Comedy,Family,Fantasy",Comedy
MenInBlack,midi_songs_2/MenInBlack.mid,Comedy,Comedy
MissionImpossible,midi_songs_2/MissionImpossible.mid,"Comedy,Fantasy,Romance",Comedy
MuppetMovie,midi_songs_2/MuppetMovie.mid,Comedy,Comedy
MyGirl,midi_songs_2/MyGirl.mid,"Comedy,Drama,Family",Comedy
NineToFive,midi_songs_2/NineToFive.mid,Comedy,Comedy
NottingHill,midi_songs_2/NottingHill.mid,"Comedy,Drama,Romance",Comedy
NuttyProfessor,midi_songs_2/NuttyProfessor.mid,"Comedy, Romance, Sci-Fi",Comedy
OneFineDay,midi_songs_2/OneFineDay.mid,"Comedy,Drama,Romance",Comedy
OnlyTheLonely,midi_songs_2/OnlyTheLonely.mid,"Comedy, Romance",Comedy
Paleface,midi_songs_2/Paleface.mid,"Comedy, Family, Western",Comedy
PoliceAcademy,midi_songs_2/PoliceAcademy.mid,Comedy,Comedy
PrettyWoman,midi_songs_2/PrettyWoman.mid,"Comedy,Romance",Comedy
PrincessBride,midi_songs_2/PrincessBride.mid,Comedy,Comedy
SecretOfMySuccess,midi_songs_2/SecretOfMySuccess.mid,"Comedy, Romance",Comedy
Shining,midi_songs_2/Shining.mid,Comedy,Comedy
SisterAct,midi_songs_2/SisterAct.mid,"Comedy,Crime,Family",Comedy
SlapShot,midi_songs_2/SlapShot.mid,"Comedy,Drama,Sport",Comedy
SomeLikeItHot,midi_songs_2/SomeLikeItHot.mid,"Comedy,Musical,Romance",Comedy
Speed,midi_songs_2/Speed.mid,"Comedy,Short",Comedy
TheBradyBunchMovie,midi_songs_2/TheBradyBunchMovie.mid,Comedy,Comedy
TradingPlaces,midi_songs_2/TradingPlaces.mid,Comedy,Comedy
TrumanShow,midi_songs_2/TrumanShow.mid,Comedy,Comedy
Twister,midi_songs_2/Twister.mid,"Comedy,Drama",Comedy
VegasVacation,midi_songs_2/VegasVacation.mid,Comedy,Comedy
Waterboy,midi_songs_2/Waterboy.mid,"Comedy,Short",Comedy
WeirdScience,midi_songs_2/WeirdScience.mid,"Comedy,Romance,Sci-Fi",Comedy
WhenHarryMetSally,midi_songs_2/WhenHarryMetSally.mid,Comedy,Comedy
WhileYouWereSleeping,midi_songs_2/WhileYouWereSleeping.mid,"Comedy,Drama,Romance",Comedy
WomanInRed,midi_songs_2/WomanInRed.mid,"Comedy, Romance",Comedy
WorkingGirl,midi_songs_2/WorkingGirl.mid,"Comedy,Drama,Romance",Comedy
YoursMineAndOurs,midi_songs_2/YoursMineAndOurs.mid,"Comedy, Family, Fantasy",Comedy
AmericanGigolo,midi_songs_2/AmericanGigolo.mid,"Crime,Drama,Mystery",Crime
Ben,midi_songs_2/Ben.mid,"Crime,Drama",Crime
Bodyguard,midi_songs_2/Bodyguard.mid,"Crime,Drama,Film-Noir",Crime
Cabaret,midi_songs_2/Cabaret.mid,"Crime,Drama",Crime
ClockworkOrange,midi_songs_2/ClockworkOrange.mid,"Crime, Drama, Sci-Fi ",Crime
CryingGame,midi_songs_2/CryingGame.mid,"Crime, Drama, Romance",Crime
EverAfter,midi_songs_2/EverAfter.mid,"Crime,Drama,Mystery",Crime
Fugitive,midi_songs_2/Fugitive.mid,"Crime,Drama,Mystery",Crime
Godfather,midi_songs_2/Godfather.mid,"Crime,Drama",Crime
Goodfellas,midi_songs_2/Goodfellas.mid,"Crime,Drama",Crime
NaturalBornKillers,midi_songs_2/NaturalBornKillers.mid,"Crime,Drama",Crime
NightmareBeforeChristmas,midi_songs_2/NightmareBeforeChristmas.mid,"Crime,Drama,Horror",Crime
PrimalFear,midi_songs_2/PrimalFear.mid,"Crime,Drama,Mystery",Crime
PulpFiction,midi_songs_2/PulpFiction.mid,"Crime,Drama",Crime
SisterAct2,midi_songs_2/SisterAct2.mid,"Crime,Drama",Crime
WestSideStory,midi_songs_2/WestSideStory.mid,"Crime,Drama,Musical",Crime
Witness,midi_songs_2/Witness.mid,"Crime,Drama,Romance",Crime
48Hours,midi_songs_2/48Hours.mid,"Documentary,News",Documentary
BigChill,midi_songs_2/BigChill.mid,"Documentary,Family",Documentary
ChungKuo,midi_songs_2/ChungKuo.mid,Documentary,Documentary
Crow,midi_songs_2/Crow.mid,"Documentary,Short",Documentary
HeartAndSoul,midi_songs_2/HeartAndSoul.mid,Documentary,Documentary
2001ASpaceOddysey,midi_songs_2/2001ASpaceOddysey.mid,"Drama,Sci-Fi",Drama
2001_TheYearWeMakeContact,midi_songs_2/2001_TheYearWeMakeContact.mid,Drama,Drama
2010_TheYearWeMakeContact,midi_songs_2/2010_TheYearWeMakeContact.mid,Drama,Drama
54,midi_songs_2/54.mid,"Drama,Music",Drama
633Squadron,midi_songs_2/633Squadron.mid,"Drama,War",Drama
9AndHalfWeeks,midi_songs_2/9AndHalfWeeks.mid,"Drama, Romance",Drama
AccidentalTourist,midi_songs_2/AccidentalTourist.mid,Drama,Drama
AllOfMe,midi_songs_2/AllOfMe.mid,Drama,Drama
AllThatJazz,midi_songs_2/AllThatJazz.mid,"Drama,Music,Musical",Drama
Always,midi_songs_2/Always.mid,"Drama,Romance",Drama
Amistad(DryYourTearsAfrika),midi_songs_2/Amistad(DryYourTearsAfrika).mid,"Drama, History",Drama
Amistad(GoingHome),midi_songs_2/Amistad(GoingHome).mid,"Drama, History",Drama
AnAffairtoRemember,midi_songs_2/AnAffairtoRemember.mid,"Drama,Romance",Drama
AnOfficerandaGentleman,midi_songs_2/AnOfficerandaGentleman.mid,"Drama,Romance",Drama
Anastasia-AtTheBeginning,midi_songs_2/Anastasia-AtTheBeginning.mid,"Drama, Comedy",Drama
Anastasia-OnceUponaDecember,midi_songs_2/Anastasia-OnceUponaDecember.mid,"Drama,Fantasy",Drama
AnyGivenSunday,midi_songs_2/AnyGivenSunday.mid,"Drama,Sport",Drama
ApocalypseNow_HelicopterTheme,midi_songs_2/ApocalypseNow_HelicopterTheme.mid,Drama,Drama
ApocalypseNow_SusieQ,midi_songs_2/ApocalypseNow_SusieQ.mid,Drama,Drama
ApocalypseNow_TheEnd(Doors),midi_songs_2/ApocalypseNow_TheEnd(Doors).mid,Drama,Drama
BestFriends,midi_songs_2/BestFriends.mid,Drama,Drama
BlackHole,midi_songs_2/BlackHole.mid,Drama,Drama
BlackOrpheus,midi_songs_2/BlackOrpheus.mid,"Drama,Fantasy,Music",Drama
Boomerang,midi_songs_2/Boomerang.mid,Drama,Drama
ForrestGump,midi_songs_2/ForrestGump.mid,"Drama,Romance",Drama
FourWeddingsAndAFuneral,midi_songs_2/FourWeddingsAndAFuneral.mid,Drama,Drama
G,midi_songs_2/G.I.Jane.mid,"Drama,Music",Drama
Godzilla,midi_songs_2/Godzilla.mid,"Drama,Horror,Sci-Fi",Drama
GoneWithTheWind,midi_songs_2/GoneWithTheWind.mid,Drama,Drama
GoneWiththeWind(TarasTheme),midi_songs_2/GoneWiththeWind(TarasTheme).mid,Drama,Drama
GoodWillHunting,midi_songs_2/GoodWillHunting.mid,"Drama,Romance",Drama
GoodbyeGirl,midi_songs_2/GoodbyeGirl.mid,"Drama,Romance,Thriller",Drama
GreatEscape,midi_songs_2/GreatEscape.mid,Drama,Drama
GreatExpectations,midi_songs_2/GreatExpectations.mid,Drama,Drama
GroundHogDay-IveGotYouBabe,midi_songs_2/GroundHogDay-IveGotYouBabe.mid,Drama,Drama
HeGotGame,midi_songs_2/HeGotGame.mid,"Drama,Sport",Drama
HomeAlone2,midi_songs_2/HomeAlone2.mid,"Drama,Short",Drama
HopeFloats(ChancesAre),midi_songs_2/HopeFloats(ChancesAre).mid,"Drama, Romance",Drama
HouseOfGames,midi_songs_2/HouseOfGames.mid,"Drama,Thriller",Drama
IceCastles,midi_songs_2/IceCastles.mid,"Drama,Romance,Sport",Drama
IndependenceDay,midi_songs_2/IndependenceDay.mid,Drama,Drama
InterviewWithAVampire,midi_songs_2/InterviewWithAVampire.mid,"Drama, Horror",Drama
IntheNameoftheFather,midi_songs_2/IntheNameoftheFather.mid,Drama,Drama
ItsaWonderfulLife,midi_songs_2/ItsaWonderfulLife.mid,Drama,Drama
JFK,midi_songs_2/JFK.mid,"Drama,History,Thriller",Drama
JesusChristSuperstar,midi_songs_2/JesusChristSuperstar.mid,"Drama,History,Musical",Drama
KarateKid2,midi_songs_2/KarateKid2.mid,"Drama,Sport",Drama
KingOfKings,midi_songs_2/KingOfKings.mid,"Drama,History",Drama
Labyrinth,midi_songs_2/Labyrinth.mid,Drama,Drama
LadyAndTheTramp,midi_songs_2/LadyAndTheTramp.mid,"Drama, Romance",Drama
LastOfTheMohicans,midi_songs_2/LastOfTheMohicans.mid,Drama,Drama
LastSpringsSnow,midi_songs_2/LastSpringsSnow.mid,Drama,Drama
Laura,midi_songs_2/Laura.mid,"Drama,Film-Noir,Mystery",Drama
LeanOnMe,midi_songs_2/LeanOnMe.mid,"Drama,Short",Drama
LegendsoftheFall,midi_songs_2/LegendsoftheFall.mid,"Drama,Romance,War",Drama
LikeWaterforChocolate,midi_songs_2/LikeWaterforChocolate.mid,"Drama,Romance",Drama
LilyWasHere,midi_songs_2/LilyWasHere.mid,"Drama,Thriller",Drama
LorenzosOil,midi_songs_2/LorenzosOil.mid,Drama,Drama
LoveStory,midi_songs_2/LoveStory.mid,Drama,Drama
Léon,midi_songs_2/Léon.mid,"Drama,Short",Drama
MackTheKnife,midi_songs_2/MackTheKnife.mid,Drama,Drama
Magnolia,midi_songs_2/Magnolia.mid,Drama,Drama
Mai&SebastiansThemeArrangementLALALAND,midi_songs_2/Mai&SebastiansThemeArrangementLALALAND.mid,Drama,Drama
MamboKings,midi_songs_2/MamboKings.mid,Drama,Drama
ManAndAWoman,midi_songs_2/ManAndAWoman.mid,Drama,Drama
MarsAttacks,midi_songs_2/MarsAttacks.mid,"Drama,Romance",Drama
MaskOfZorro,midi_songs_2/MaskOfZorro.mid,"Drama,Thriller",Drama
Michael,midi_songs_2/Michael.mid,"Drama,Romance",Drama
MidnightCowboy,midi_songs_2/MidnightCowboy.mid,Drama,Drama
Misery,midi_songs_2/Misery.mid,"Drama,Thriller",Drama
Missing,midi_songs_2/Missing.mid,"Drama,War",Drama
Mission,midi_songs_2/Mission.mid,Drama,Drama
MoonRiver,midi_songs_2/MoonRiver.mid,Drama,Drama
Mr,midi_songs_2/Mr.HollandsOpus.mid,"Drama, Music",Drama
Mrs,midi_songs_2/Mrs.Doubtfire.mid,"Drama,Short",Drama
MyBestFriendsWedding,midi_songs_2/MyBestFriendsWedding.mid,Drama,Drama
MyFairLady,midi_songs_2/MyFairLady.mid,"Drama,Family,Musical",Drama
Net,midi_songs_2/Net.mid,"Drama,Family,Short",Drama
NeverendingStory,midi_songs_2/NeverendingStory.mid,"Drama,Fantasy",Drama
OfficerAndAGentleman,midi_songs_2/OfficerAndAGentleman.mid,"Drama, Romance",Drama
OnGoldenPond,midi_songs_2/OnGoldenPond.mid,Drama,Drama
OrdinaryPeople,midi_songs_2/OrdinaryPeople.mid,Drama,Drama
PassageToIndia,midi_songs_2/PassageToIndia.mid,"Drama,History",Drama
Phenomenon,midi_songs_2/Phenomenon.mid,"Drama,Fantasy,Romance",Drama
Philadelphia,midi_songs_2/Philadelphia.mid,Drama,Drama
Platoon-HomeworldTheme,midi_songs_2/Platoon-HomeworldTheme.mid,Drama,Drama
Platoon-TheTracksOfMyTears,midi_songs_2/Platoon-TheTracksOfMyTears.mid,Drama,Drama
PoeticJustice,midi_songs_2/PoeticJustice.mid,"Drama,Romance",Drama
RainMan,midi_songs_2/RainMan.mid,Drama,Drama
RequiemforaDream,midi_songs_2/RequiemforaDream.mid,Drama,Drama
RightStuff,midi_songs_2/RightStuff.mid,Drama,Drama
RiskyBusiness,midi_songs_2/RiskyBusiness.mid,Drama,Drama
RoadHouse,midi_songs_2/RoadHouse.mid,Drama,Drama
Rock,midi_songs_2/Rock.mid,Drama,Drama
Rocky,midi_songs_2/Rocky.mid,Drama,Drama
Rocky-Fanfare,midi_songs_2/Rocky-Fanfare.mid,"Drama,Romance,Sport",Drama
Rocky3-EyeOfTheTiger,midi_songs_2/Rocky3-EyeOfTheTiger.mid,"Drama,Romance,Sport",Drama
Rocky4-FinalCountdown,midi_songs_2/Rocky4-FinalCountdown.mid,"Drama,Romance,Sport",Drama
Rocky4-War,midi_songs_2/Rocky4-War.mid,"Drama,Romance,Sport",Drama
RunningScared,midi_songs_2/RunningScared.mid,Drama,Drama
Saint,midi_songs_2/Saint.mid,"Drama,Short",Drama
SaturdayNightFever,midi_songs_2/SaturdayNightFever.mid,"Drama,Music",Drama
ScentOfAWoman,midi_songs_2/ScentOfAWoman.mid,Drama,Drama
SchindlersList,midi_songs_2/SchindlersList.mid,Drama,Drama
ShakespeareInLove,midi_songs_2/ShakespeareInLove.mid,Drama,Drama
SleepingBeauty,midi_songs_2/SleepingBeauty.mid,"Drama,Fantasy,Short",Drama
SleeplessInSeattle,midi_songs_2/SleeplessInSeattle.mid,"Drama,Romance",Drama
SomewhereInTime,midi_songs_2/SomewhereInTime.mid,"Drama, Fantasy, Romance",Drama
SophiesChoice,midi_songs_2/SophiesChoice.mid,Drama,Drama
SoundOfMusic,midi_songs_2/SoundOfMusic.mid,Drama,Drama
StManInMotion,midi_songs_2/St.ElmosFire-ManInMotion.mid,Drama,Drama
StElmosFire,midi_songs_2/St.ElmosFire-MainTheme.mid,Drama,Drama
StarIsBorn,midi_songs_2/StarIsBorn.mid,"Drama,Music,Romance",Drama
SummerOf42,midi_songs_2/SummerOf42.mid,Drama,Drama
SummerPlace,midi_songs_2/SummerPlace.mid,"Drama, Romance",Drama
TermsOfEndearment,midi_songs_2/TermsOfEndearment.mid,"Drama, Comedy",Drama
TheresNoBusinessLikeShowBusiness,midi_songs_2/TheresNoBusinessLikeShowBusiness.mid,Drama,Drama
Titantic,midi_songs_2/Titantic.mid,Drama,Drama
Tommy,midi_songs_2/Tommy.mid,"Drama,Musical",Drama
Towardhappiness-Intro,midi_songs_2/Towardhappiness-Intro.mid,Drama,Drama
ValleyOfTheDolls,midi_songs_2/ValleyOfTheDolls.mid,"Drama, Music, Romance",Drama
WayWeWere,midi_songs_2/WayWeWere.mid,"Drama, Romance",Drama
WaynesWorld,midi_songs_2/WaynesWorld.mid,"Drama,Family,Romance",Drama
WhenAManLovesAWoman,midi_songs_2/WhenAManLovesAWoman.mid,"Drama, Romance",Drama
YouveGotMail,midi_songs_2/YouveGotMail.mid,Drama,Drama
instrumentoflovekeyboardmidi,midi_songs_2/instrumentoflovekeyboardmidi.mid,Drama,Drama
tilltheworldends,midi_songs_2/tilltheworldends.mid,Drama,Drama
Alamo,midi_songs_2/Alamo.mid,"Family,Fantasy",Fantasy
BackToTheFuture-MainTheme,midi_songs_2/BackToTheFuture-MainTheme.mid,Fantasy,Fantasy
BackToTheFuture-PowerOfLove,midi_songs_2/BackToTheFuture-PowerOfLove.mid,Fantasy,Fantasy
BackToTheFutureII,midi_songs_2/BackToTheFutureII.mid,Fantasy,Fantasy
Flinstones,midi_songs_2/Flinstones.mid,Fantasy,Fantasy
GrinchThatStoleChristmas_Cartoon,midi_songs_2/GrinchThatStoleChristmas_Cartoon.mid,Fantasy,Fantasy
GrinchThatStoleChristmas_Movie,midi_songs_2/GrinchThatStoleChristmas_Movie.mid,Fantasy,Fantasy
PeeWeesBigAdventure,midi_songs_2/PeeWeesBigAdventure.mid,Fantasy,Fantasy
RaidersOfTheLostArk,midi_songs_2/RaidersOfTheLostArk.mid,Fantasy,Fantasy
SnowWhiteAndTheSevenDwarfs,midi_songs_2/SnowWhiteAndTheSevenDwarfs.mid,Fantasy,Fantasy
WillyWonkaAndTheChocolateFactory,midi_songs_2/WillyWonkaAndTheChocolateFactory.mid,Fantasy,Fantasy
Xanadu,midi_songs_2/Xanadu.mid,"Fantasy,Musical,Romance",Fantasy
EdwardScissorshand,midi_songs_2/EdwardScissorshand.mid,Horror,Horror
Ghost,midi_songs_2/Ghost.mid,"Horror,Short",Horror
Halloween,midi_songs_2/Halloween.mid,"Horror,Thriller",Horror
HellRaisers,midi_songs_2/HellRaisers.mid,"Horror, Thriller",Horror
IKnowWhatYouDidLastSummer,midi_songs_2/IKnowWhatYouDidLastSummer.mid,"Horror,Mystery",Horror
Omen,midi_songs_2/Omen.mid,"Horror,Thriller",Horror
Poltergeist,midi_songs_2/Poltergeist.mid,"Horror,Thriller",Horror
Psycho,midi_songs_2/Psycho.mid,"Horror,Mystery,Thriller",Horror
Scream,midi_songs_2/Scream.mid,"Horror,Mystery",Horror
SleepingWithTheEnemy,midi_songs_2/SleepingWithTheEnemy.mid,"Horror,Thriller",Horror
Sleepwalkers,midi_songs_2/Sleepwalkers.mid,Horror,Horror
SwampThing,midi_songs_2/SwampThing.mid,"Horror,Sci-Fi",Horror
BlairWitchProject,midi_songs_2/BlairWitchProject.mid,"Mystery,Thriller",Mystery
NightmareOnElmStreet,midi_songs_2/NightmareOnElmStreet.mid,Mystery,Mystery
PresumedInnocent,midi_songs_2/PresumedInnocent.mid,"Mystery,Thriller",Mystery
Vertigo,midi_songs_2/Vertigo.mid,"Mystery,Romance,Thriller",Mystery
BattlestarGallactica,midi_songs_2/BattlestarGallactica.mid,Reality-TV,Reality-TV
BreakfastClub,midi_songs_2/BreakfastClub.mid,Reality-TV,Reality-TV
GreatOutdoors,midi_songs_2/GreatOutdoors.mid,Reality-TV,Reality-TV
HardDaysNight,midi_songs_2/HardDaysNight.mid,Reality-TV,Reality-TV
HawaiiFiveO,midi_songs_2/HawaiiFiveO.mid,Reality-TV,Reality-TV
KramervsKramer,midi_songs_2/KramervsKramer.mid,Reality-TV,Reality-TV
Ritz,midi_songs_2/Ritz.mid,Reality-TV,Reality-TV
X-Files,midi_songs_2/X-Files.mid,Reality-TV,Reality-TV
ANightAtTheRoxberry-WhatIsLove,midi_songs_2/ANightAtTheRoxberry-WhatIsLove.mid,"Romance,Musical",Romance
Grease-HopelesslyDevotedToYou,midi_songs_2/Grease-HopelesslyDevotedToYou.mid,Romance,Romance
Grease-WeGoTogether,midi_songs_2/Grease-WeGoTogether.mid,Romance,Romance
Grease-YoureTheOneThatILoved,midi_songs_2/Grease-YoureTheOneThatILoved.mid,Romance,Romance
Mannequin,midi_songs_2/Mannequin.mid,Romance,Romance
NightAtTheRoxbury,midi_songs_2/NightAtTheRoxbury.mid,"Romance,Musical",Romance
SinginInTheRain,midi_songs_2/SinginInTheRain.mid,Romance,Romance
Starman,midi_songs_2/Starman.mid,"Romance,Sci-Fi",Romance
WhatsNewPussycat,midi_songs_2/WhatsNewPussycat.mid,Romance,Romance
AsGoodAsItGets,midi_songs_2/AsGoodAsItGets.mid,Short,Short
"AxelF-HaroldFaltermeyer(BeverlyHillsCop)(Piano,Drums)","midi_songs_2/AxelF-HaroldFaltermeyer(BeverlyHillsCop)(Piano,Drums).mid","Short, Music",Short
BonnieAndClyde,midi_songs_2/BonnieAndClyde.mid,"Short, Action, Crime",Short
SantaClause,midi_songs_2/SantaClause.mid,Short,Short
Striptease,midi_songs_2/Striptease.mid,Short,Short
Untouchables,midi_songs_2/Untouchables.mid,Sport,Sport
101Dalmations,midi_songs_2/101Dalmations.mid,Talk-Show,Talk-Show
AustinPowers,midi_songs_2/AustinPowers.mid,Talk-Show,Talk-Show
DeadPool,midi_songs_2/DeadPool.mid,Talk-Show,Talk-Show
JungleBook,midi_songs_2/JungleBook.mid,Talk-Show,Talk-Show
AgainstAllOdds,midi_songs_2/AgainstAllOdds.mid,Western,Western
Apache,midi_songs_2/Apache.mid,Western,Western
Braveheart,midi_songs_2/Braveheart.mid,Western,Western
NakedGun,midi_songs_2/NakedGun.mid,Western,Western